date,electricity_kwh,diesel_liter,natural_gas_m3,cement_ton,steel_ton,plastic_kg,production_units,operating_hours,capacity_utilization,co2_emission,energy_intensity,fuel_intensity,material_intensity,load_efficiency,day_ahead,predicted_co2_kg,estimated
2051-05-18,17701.431428571428,62.17714285714286,536.5285714285715,14.541428571428572,6.518571428571429,443.1124285714286,3921.171428571429,22,45.4,41475.99,4.514322250639386,27.213896103896104,0.0054838491048593355,178.23506493506494,1,41544.92,1
2051-05-18,17751.86285714286,62.354285714285716,538.0571428571429,14.582857142857144,6.537142857142857,444.3748571428572,3932.3428571428576,22,45.4,41475.99,4.5143222506393865,27.29142857142858,0.005483849104859335,178.74285714285716,2,41559.1,1
2051-05-18,17802.294285714288,62.53142857142858,539.5857142857143,14.624285714285715,6.555714285714286,445.6372857142858,3943.514285714286,22,45.4,41475.99,4.5143222506393865,27.36896103896104,0.0054838491048593355,179.25064935064935,3,41721.04,1
2051-05-18,17852.725714285712,62.708571428571425,541.1142857142856,14.665714285714284,6.574285714285714,446.89971428571425,3954.685714285714,22,45.4,41475.99,4.5143222506393865,27.446493506493503,0.005483849104859335,179.75844155844155,4,41768.56,1
2051-05-18,17903.15714285714,62.885714285714286,542.6428571428571,14.707142857142856,6.5928571428571425,448.16214285714284,3965.8571428571427,22,45.4,41475.99,4.514322250639386,27.52402597402597,0.005483849104859335,180.26623376623377,5,41899.8,1
2051-05-18,17953.588571428572,63.06285714285714,544.1714285714286,14.748571428571429,6.611428571428571,449.4245714285714,3977.0285714285715,22,45.4,41475.99,4.5143222506393865,27.601558441558442,0.0054838491048593355,180.774025974026,6,41996.4,1
2051-05-18,18004.02,63.24,545.7,14.790000000000001,6.63,450.687,3988.2000000000003,22,45.4,41475.99,4.514322250639386,27.679090909090913,0.005483849104859335,181.28181818181818,7,41997.07,1
2051-05-18,18054.45142857143,63.41714285714286,547.2285714285715,14.831428571428573,6.648571428571429,451.9494285714286,3999.3714285714286,22,45.4,41475.99,4.5143222506393865,27.75662337662338,0.005483849104859335,181.7896103896104,8,42053.44,1
2051-05-18,18104.88285714286,63.59428571428572,548.7571428571429,14.872857142857145,6.667142857142858,453.2118571428572,4010.5428571428574,22,45.4,41475.99,4.5143222506393865,27.83415584415585,0.0054838491048593355,182.29740259740262,9,42472.02,1
2051-05-18,18155.314285714285,63.771428571428565,550.2857142857142,14.914285714285713,6.685714285714285,454.4742857142857,4021.7142857142853,22,45.4,41475.99,4.5143222506393865,27.91168831168831,0.0054838491048593355,182.8051948051948,10,42509.34,1
2051-05-18,18205.745714285713,63.94857142857143,551.8142857142857,14.955714285714285,6.704285714285714,455.7367142857143,4032.885714285714,22,45.4,41475.99,4.514322250639386,27.989220779220776,0.005483849104859334,183.312987012987,11,42679.85,1
2051-05-18,18256.17714285714,64.12571428571428,553.3428571428572,14.997142857142856,6.722857142857142,456.9991428571429,4044.057142857143,22,45.4,41475.99,4.514322250639386,28.066753246753247,0.005483849104859335,183.82077922077923,12,42686.44,1
2051-05-18,18306.608571428573,64.30285714285715,554.8714285714286,15.038571428571428,6.741428571428571,458.2615714285715,4055.2285714285713,22,45.4,41475.99,4.5143222506393865,28.14428571428572,0.0054838491048593355,184.32857142857142,13,42989.66,1
2051-05-18,18357.04,64.48,556.4,15.08,6.76,459.52400000000006,4066.4,22,45.4,41475.99,4.5143222506393865,28.221818181818183,0.005483849104859335,184.83636363636364,14,43151.5,1
2051-05-18,18407.47142857143,64.65714285714286,557.9285714285714,15.121428571428572,6.778571428571429,460.78642857142864,4077.571428571429,22,45.4,41475.99,4.514322250639386,28.29935064935065,0.005483849104859335,185.34415584415586,15,43446.22,1
2051-05-18,18457.90285714286,64.83428571428573,559.4571428571429,15.162857142857144,6.797142857142858,462.04885714285723,4088.7428571428577,22,45.4,41475.99,4.5143222506393865,28.37688311688312,0.005483849104859335,185.85194805194809,16,43902.18,1
2051-05-18,18508.334285714285,65.01142857142857,560.9857142857143,15.204285714285714,6.815714285714285,463.3112857142857,4099.914285714285,22,45.4,41475.99,4.5143222506393865,28.454415584415585,0.005483849104859336,186.35974025974022,17,43935.48,1
2051-05-18,18558.765714285713,65.18857142857142,562.5142857142857,15.245714285714286,6.834285714285714,464.5737142857143,4111.085714285714,22,45.4,41475.99,4.5143222506393865,28.531948051948053,0.005483849104859335,186.86753246753244,18,43968.24,1
2051-05-18,18609.19714285714,65.36571428571429,564.0428571428571,15.287142857142857,6.852857142857143,465.8361428571429,4122.257142857143,22,45.4,41475.99,4.514322250639386,28.609480519480517,0.0054838491048593355,187.37532467532466,19,44116.94,1
2051-05-18,18659.628571428573,65.54285714285714,565.5714285714286,15.32857142857143,6.871428571428572,467.09857142857146,4133.428571428572,22,45.4,41475.99,4.5143222506393865,28.687012987012984,0.0054838491048593355,187.88311688311688,20,44275.82,1
2051-05-18,18710.06,65.72,567.1,15.370000000000001,6.890000000000001,468.36100000000005,4144.6,22,45.4,41475.99,4.5143222506393865,28.764545454545456,0.0054838491048593355,188.3909090909091,21,44349.28,1
2051-05-18,18760.49142857143,65.89714285714287,568.6285714285715,15.411428571428573,6.908571428571429,469.62342857142863,4155.771428571429,22,45.4,41475.99,4.514322250639386,28.842077922077923,0.005483849104859334,188.89870129870133,22,44433.7,1
2051-05-18,18810.922857142854,66.07428571428571,570.1571428571428,15.452857142857141,6.927142857142856,470.8858571428571,4166.942857142857,22,45.4,41475.99,4.514322250639386,28.919610389610387,0.005483849104859334,189.4064935064935,23,44442.92,1
2051-05-18,18861.354285714286,66.25142857142856,571.6857142857142,15.494285714285713,6.945714285714285,472.1482857142857,4178.114285714286,22,45.4,41475.99,4.514322250639386,28.997142857142855,0.005483849104859335,189.9142857142857,24,44597.74,1
2051-05-18,18911.785714285714,66.42857142857143,573.2142857142857,15.535714285714285,6.964285714285714,473.4107142857143,4189.285714285714,22,45.4,41475.99,4.5143222506393865,29.074675324675322,0.0054838491048593355,190.4220779220779,25,44627.82,1
2051-05-18,18962.217142857142,66.60571428571428,574.7428571428571,15.577142857142857,6.982857142857143,474.67314285714286,4200.457142857143,22,45.4,41475.99,4.5143222506393865,29.15220779220779,0.005483849104859335,190.92987012987012,26,44651.8,1
2051-05-18,19012.648571428574,66.78285714285714,576.2714285714286,15.618571428571428,7.001428571428572,475.93557142857145,4211.628571428571,22,45.4,41475.99,4.5143222506393865,29.229740259740257,0.0054838491048593355,191.43766233766235,27,44724.62,1
2051-05-18,19063.08,66.96000000000001,577.8000000000001,15.66,7.0200000000000005,477.19800000000004,4222.8,22,45.4,41475.99,4.5143222506393865,29.307272727272732,0.0054838491048593355,191.94545454545457,28,44781.58,1
2051-05-18,19113.511428571426,67.13714285714285,579.3285714285714,15.70142857142857,7.038571428571428,478.46042857142857,4233.971428571428,22,45.4,41475.99,4.5143222506393865,29.384805194805196,0.005483849104859335,192.45324675324673,29,44968.96,1
2051-05-18,19163.942857142854,67.3142857142857,580.8571428571428,15.742857142857142,7.057142857142857,479.72285714285715,4245.142857142857,22,45.4,41475.99,4.514322250639386,29.462337662337656,0.005483849104859335,192.96103896103895,30,44981.52,1
2051-05-18,19214.374285714286,67.49142857142857,582.3857142857142,15.784285714285714,7.075714285714286,480.98528571428574,4256.314285714286,22,45.4,41475.99,4.5143222506393865,29.53987012987013,0.0054838491048593355,193.46883116883117,31,45060.3,1
2051-05-18,19264.805714285714,67.66857142857143,583.9142857142857,15.825714285714286,7.094285714285714,482.2477142857143,4267.4857142857145,22,45.4,41475.99,4.514322250639386,29.6174025974026,0.0054838491048593355,193.9766233766234,32,45061.22,1
2051-05-18,19315.237142857142,67.84571428571428,585.4428571428572,15.867142857142857,7.112857142857143,483.5101428571429,4278.657142857143,22,45.4,41475.99,4.514322250639386,29.694935064935066,0.005483849104859335,194.48441558441561,33,45365.98,1
2051-05-18,19365.668571428574,68.02285714285715,586.9714285714286,15.90857142857143,7.131428571428572,484.7725714285715,4289.828571428571,22,45.4,41475.99,4.514322250639387,29.772467532467534,0.0054838491048593355,194.99220779220778,34,45388.92,1
2051-05-18,19416.100000000002,68.2,588.5,15.950000000000001,7.15,486.0350000000001,4301.0,22,45.4,41475.99,4.5143222506393865,29.85,0.0054838491048593355,195.5,35,45751.06,1
2051-05-18,19466.531428571427,68.37714285714286,590.0285714285714,15.99142857142857,7.168571428571428,487.29742857142855,4312.171428571428,22,45.4,41475.99,4.5143222506393865,29.927532467532465,0.005483849104859335,196.00779220779216,36,45822.92,1
2051-05-18,19516.962857142855,68.55428571428571,591.5571428571428,16.032857142857143,7.187142857142857,488.55985714285714,4323.342857142857,22,45.4,41475.99,4.5143222506393865,30.005064935064933,0.0054838491048593355,196.51558441558439,37,45852.38,1
2051-05-18,19567.394285714287,68.73142857142857,593.0857142857143,16.074285714285715,7.2057142857142855,489.8222857142857,4334.5142857142855,22,45.4,41475.99,4.5143222506393865,30.0825974025974,0.0054838491048593355,197.0233766233766,38,45967.04,1
2051-05-18,19617.825714285715,68.90857142857143,594.6142857142858,16.115714285714287,7.224285714285714,491.0847142857143,4345.685714285714,22,45.4,41475.99,4.5143222506393865,30.160129870129875,0.0054838491048593355,197.53116883116883,39,46012.34,1
2051-05-18,19668.257142857143,69.08571428571429,596.1428571428571,16.15714285714286,7.242857142857143,492.3471428571429,4356.857142857143,22,45.4,41475.99,4.514322250639386,30.237662337662336,0.005483849104859335,198.03896103896105,40,46060.68,1
2051-05-18,19718.688571428575,69.26285714285714,597.6714285714286,16.19857142857143,7.261428571428572,493.6095714285715,4368.028571428572,22,45.4,41475.99,4.5143222506393865,30.315194805194803,0.005483849104859335,198.54675324675327,41,46146.19,1
2051-05-18,19769.120000000003,69.44000000000001,599.2,16.240000000000002,7.280000000000001,494.87200000000007,4379.200000000001,22,45.4,41475.99,4.514322250639386,30.392727272727278,0.0054838491048593355,199.0545454545455,42,46159.82,1
2051-05-18,19819.551428571427,69.61714285714285,600.7285714285714,16.28142857142857,7.298571428571428,496.13442857142854,4390.371428571429,22,45.4,41475.99,4.514322250639386,30.47025974025974,0.005483849104859335,199.56233766233765,43,46191.62,1
2051-05-18,19869.982857142855,69.7942857142857,602.2571428571429,16.322857142857142,7.317142857142857,497.39685714285713,4401.5428571428565,22,45.4,41475.99,4.5143222506393865,30.54779220779221,0.0054838491048593355,200.07012987012985,44,46263.4,1
2051-05-18,19920.414285714287,69.97142857142858,603.7857142857143,16.364285714285714,7.335714285714285,498.6592857142857,4412.714285714285,22,45.4,41475.99,4.5143222506393865,30.625324675324677,0.0054838491048593355,200.57792207792207,45,46388.08,1
2051-05-18,19970.845714285715,70.14857142857143,605.3142857142857,16.405714285714286,7.354285714285714,499.9217142857143,4423.885714285714,22,45.4,41475.99,4.5143222506393865,30.702857142857145,0.0054838491048593355,201.0857142857143,46,46509.41,1
2051-05-18,20021.277142857143,70.32571428571428,606.8428571428572,16.447142857142858,7.372857142857143,501.1841428571429,4435.057142857143,22,45.4,41475.99,4.5143222506393865,30.780389610389612,0.005483849104859335,201.5935064935065,47,46631.17,1
2051-05-18,20071.70857142857,70.50285714285715,608.3714285714286,16.48857142857143,7.391428571428572,502.4465714285715,4446.228571428572,22,45.4,41475.99,4.514322250639386,30.85792207792208,0.0054838491048593355,202.1012987012987,48,46636.14,1
2051-05-18,20122.140000000003,70.68,609.9000000000001,16.53,7.410000000000001,503.70900000000006,4457.400000000001,22,45.4,41475.99,4.5143222506393865,30.93545454545455,0.005483849104859335,202.60909090909092,49,46921.68,1
2051-05-18,20172.571428571428,70.85714285714285,611.4285714285714,16.57142857142857,7.428571428571428,504.9714285714286,4468.571428571428,22,45.4,41475.99,4.5143222506393865,31.012987012987015,0.005483849104859335,203.11688311688312,50,46932.57,1
2051-05-18,20223.002857142856,71.03428571428572,612.9571428571428,16.61285714285714,7.447142857142857,506.2338571428572,4479.742857142857,22,45.4,41475.99,4.514322250639386,31.09051948051948,0.005483849104859335,203.62467532467534,51,46920.87,1
2051-05-18,20273.434285714287,71.21142857142857,614.4857142857143,16.654285714285713,7.465714285714286,507.49628571428576,4490.914285714286,22,45.4,41475.99,4.5143222506393865,31.168051948051946,0.005483849104859334,204.13246753246756,52,47148.48,1
2051-05-18,20323.865714285716,71.38857142857142,616.0142857142857,16.695714285714285,7.484285714285715,508.75871428571435,4502.085714285715,22,45.4,41475.99,4.514322250639386,31.245584415584414,0.005483849104859335,204.64025974025978,53,47804.16,1
2051-05-18,20374.297142857144,71.5657142857143,617.5428571428572,16.737142857142857,7.502857142857144,510.02114285714293,4513.257142857143,22,45.4,41475.99,4.5143222506393865,31.323116883116885,0.0054838491048593355,205.14805194805194,54,47885.48,1
2051-05-18,20424.728571428568,71.74285714285713,619.0714285714286,16.77857142857143,7.5214285714285705,511.2835714285714,4524.428571428571,22,45.4,41475.99,4.5143222506393865,31.40064935064935,0.0054838491048593355,205.6558441558441,55,47862.64,1
2051-05-18,20475.16,71.92,620.5999999999999,16.82,7.539999999999999,512.5459999999999,4535.599999999999,22,45.4,41475.99,4.5143222506393865,31.478181818181813,0.0054838491048593355,206.16363636363633,56,48019.35,1
2051-05-18,20525.591428571428,72.09714285714286,622.1285714285714,16.861428571428572,7.558571428571428,513.8084285714285,4546.771428571428,22,45.4,41475.99,4.5143222506393865,31.555714285714284,0.005483849104859336,206.67142857142855,57,48025.36,1
2051-05-18,20576.022857142856,72.27428571428571,623.6571428571428,16.902857142857144,7.577142857142857,515.0708571428571,4557.942857142857,22,45.4,41475.99,4.514322250639386,31.633246753246752,0.005483849104859335,207.17922077922077,58,48035.66,1
2051-05-18,20626.454285714288,72.45142857142858,625.1857142857143,16.944285714285716,7.595714285714286,516.3332857142858,4569.114285714286,22,45.4,41475.99,4.5143222506393865,31.71077922077922,0.0054838491048593355,207.687012987013,59,48014.28,1
2051-05-18,20676.885714285716,72.62857142857143,626.7142857142858,16.985714285714288,7.614285714285715,517.5957142857144,4580.285714285715,22,45.4,41475.99,4.5143222506393865,31.78831168831169,0.0054838491048593355,208.1948051948052,60,48018.52,1
2051-05-18,20727.317142857144,72.80571428571429,628.2428571428572,17.02714285714286,7.6328571428571435,518.858142857143,4591.4571428571435,22,45.4,41475.99,4.514322250639386,31.86584415584416,0.0054838491048593355,208.70259740259743,61,48126.81,1
2051-05-18,20777.74857142857,72.98285714285714,629.7714285714285,17.068571428571428,7.651428571428571,520.1205714285715,4602.628571428571,22,45.4,41475.99,4.514322250639386,31.94337662337662,0.005483849104859335,209.2103896103896,62,48158.66,1
2051-05-18,20828.18,73.16,631.3,17.11,7.67,521.383,4613.8,22,45.4,41475.99,4.514322250639386,32.020909090909086,0.0054838491048593355,209.71818181818182,63,48275.44,1
2051-05-18,20878.61142857143,73.33714285714285,632.8285714285714,17.15142857142857,7.688571428571429,522.6454285714286,4624.971428571428,22,45.4,41475.99,4.5143222506393865,32.09844155844156,0.0054838491048593355,210.225974025974,64,48446.49,1
2051-05-18,20929.042857142857,73.51428571428572,634.3571428571429,17.192857142857143,7.707142857142857,523.9078571428572,4636.142857142857,22,45.4,41475.99,4.5143222506393865,32.17597402597403,0.005483849104859335,210.73376623376623,65,48458.0,1
2051-05-18,20979.474285714285,73.69142857142857,635.8857142857144,17.234285714285715,7.725714285714286,525.1702857142858,4647.314285714286,22,45.4,41475.99,4.514322250639386,32.2535064935065,0.0054838491048593355,211.24155844155845,66,48515.01,1
2051-05-18,21029.905714285716,73.86857142857143,637.4142857142857,17.275714285714287,7.744285714285715,526.4327142857144,4658.4857142857145,22,45.4,41475.99,4.5143222506393865,32.331038961038956,0.0054838491048593355,211.74935064935065,67,48523.08,1
2051-05-18,21080.337142857144,74.0457142857143,638.9428571428572,17.31714285714286,7.762857142857143,527.695142857143,4669.657142857143,22,45.4,41475.99,4.5143222506393865,32.408571428571435,0.0054838491048593355,212.25714285714287,68,48536.88,1
2051-05-18,21130.76857142857,74.22285714285714,640.4714285714285,17.358571428571427,7.781428571428571,528.9575714285714,4680.828571428571,22,45.4,41475.99,4.514322250639386,32.48610389610389,0.005483849104859335,212.76493506493506,69,48576.76,1
2051-05-18,21181.2,74.39999999999999,642.0,17.4,7.8,530.22,4692.0,22,45.4,41475.99,4.5143222506393865,32.56363636363636,0.005483849104859335,213.27272727272728,70,48708.74,1
2051-05-18,21231.63142857143,74.57714285714286,643.5285714285715,17.44142857142857,7.8185714285714285,531.4824285714286,4703.171428571429,22,45.4,41475.99,4.514322250639386,32.641168831168834,0.005483849104859335,213.7805194805195,71,48710.6,1
2051-05-18,21282.062857142857,74.75428571428571,645.0571428571428,17.482857142857142,7.837142857142857,532.7448571428572,4714.342857142858,22,45.4,41475.99,4.514322250639386,32.7187012987013,0.005483849104859335,214.28831168831172,72,48799.36,1
2051-05-18,21332.494285714285,74.93142857142857,646.5857142857143,17.524285714285714,7.855714285714286,534.0072857142858,4725.5142857142855,22,45.4,41475.99,4.5143222506393865,32.79623376623377,0.005483849104859335,214.7961038961039,73,48800.48,1
2051-05-18,21382.925714285717,75.10857142857144,648.1142857142858,17.565714285714286,7.8742857142857146,535.2697142857144,4736.685714285714,22,45.4,41475.99,4.5143222506393865,32.87376623376623,0.0054838491048593355,215.3038961038961,74,49050.38,1
2051-05-18,21433.35714285714,75.28571428571428,649.6428571428571,17.607142857142854,7.892857142857142,536.5321428571428,4747.857142857142,22,45.4,41475.99,4.5143222506393865,32.9512987012987,0.0054838491048593355,215.81168831168827,75,49202.42,1
2051-05-18,21483.78857142857,75.46285714285713,651.1714285714286,17.64857142857143,7.911428571428571,537.7945714285714,4759.028571428571,22,45.4,41475.99,4.5143222506393865,33.02883116883117,0.0054838491048593355,216.3194805194805,76,49204.58,1
2051-05-18,21534.22,75.64,652.6999999999999,17.69,7.93,539.057,4770.2,22,45.4,41475.99,4.5143222506393865,33.10636363636363,0.0054838491048593355,216.8272727272727,77,49262.52,1
2051-05-18,21584.65142857143,75.81714285714285,654.2285714285714,17.731428571428573,7.948571428571428,540.3194285714286,4781.371428571429,22,45.4,41475.99,4.5143222506393865,33.1838961038961,0.0054838491048593355,217.33506493506493,78,49240.74,1
2051-05-18,21635.082857142857,75.99428571428572,655.7571428571429,17.772857142857145,7.967142857142857,541.5818571428572,4792.542857142857,22,45.4,41475.99,4.514322250639386,33.261428571428574,0.0054838491048593355,217.84285714285716,79,49263.16,1
2051-05-18,21685.514285714286,76.17142857142858,657.2857142857143,17.814285714285717,7.985714285714286,542.8442857142858,4803.714285714286,22,45.4,41475.99,4.514322250639386,33.33896103896104,0.0054838491048593355,218.35064935064938,80,49267.52,1
2051-05-18,21735.945714285714,76.34857142857142,658.8142857142857,17.855714285714285,8.004285714285714,544.1067142857142,4814.885714285714,22,45.4,41475.99,4.5143222506393865,33.4164935064935,0.0054838491048593355,218.85844155844154,81,49254.67,1
2051-05-18,21786.37714285714,76.52571428571429,660.3428571428572,17.897142857142857,8.022857142857143,545.3691428571428,4826.057142857143,22,45.4,41475.99,4.514322250639386,33.49402597402597,0.0054838491048593355,219.36623376623376,82,49261.4,1
2051-05-18,21836.80857142857,76.70285714285714,661.8714285714285,17.93857142857143,8.041428571428572,546.6315714285714,4837.228571428571,22,45.4,41475.99,4.5143222506393865,33.57155844155844,0.0054838491048593355,219.87402597402595,83,49314.72,1
2051-05-18,21887.24,76.88,663.4,17.98,8.06,547.894,4848.4,22,45.4,41475.99,4.5143222506393865,33.64909090909091,0.0054838491048593355,220.38181818181818,84,49352.41,1
2051-05-18,21937.67142857143,77.05714285714286,664.9285714285714,18.021428571428572,8.07857142857143,549.1564285714286,4859.571428571428,22,45.4,41475.99,4.5143222506393865,33.72662337662337,0.0054838491048593355,220.8896103896104,85,49370.56,1
2051-05-18,21988.102857142858,77.23428571428572,666.4571428571429,18.062857142857144,8.097142857142858,550.4188571428572,4870.742857142857,22,45.4,41475.99,4.5143222506393865,33.80415584415585,0.005483849104859336,221.3974025974026,86,49462.4,1
2051-05-18,22038.534285714286,77.41142857142857,667.9857142857144,18.104285714285716,8.115714285714287,551.6812857142858,4881.914285714286,22,45.4,41475.99,4.514322250639386,33.881688311688315,0.005483849104859335,221.9051948051948,87,49506.67,1
2051-05-18,22088.965714285714,77.58857142857143,669.5142857142856,18.145714285714284,8.134285714285713,552.9437142857142,4893.085714285714,22,45.4,41475.99,4.5143222506393865,33.95922077922077,0.005483849104859335,222.412987012987,88,49530.48,1
2051-05-18,22139.397142857142,77.76571428571428,671.0428571428571,18.187142857142856,8.152857142857142,554.2061428571428,4904.257142857143,22,45.4,41475.99,4.5143222506393865,34.03675324675324,0.005483849104859335,222.92077922077922,89,49596.6,1
2051-05-18,22189.82857142857,77.94285714285714,672.5714285714286,18.228571428571428,8.17142857142857,555.4685714285714,4915.428571428572,22,45.4,41475.99,4.514322250639386,34.114285714285714,0.005483849104859335,223.42857142857144,90,49596.6,1
2051-05-18,22240.26,78.12,674.1,18.27,8.19,556.731,4926.6,22,45.4,41475.99,4.514322250639386,34.191818181818185,0.005483849104859335,223.93636363636367,91,49622.81,1
2051-05-18,22290.69142857143,78.29714285714286,675.6285714285715,18.31142857142857,8.208571428571428,557.9934285714286,4937.771428571429,22,45.4,41475.99,4.514322250639386,34.26935064935065,0.005483849104859335,224.44415584415586,92,49783.08,1
2051-05-18,22341.12285714286,78.47428571428571,677.1571428571428,18.352857142857143,8.227142857142857,559.2558571428572,4948.942857142857,22,45.4,41475.99,4.5143222506393865,34.34688311688312,0.005483849104859335,224.95194805194805,93,49798.16,1
2051-05-18,22391.554285714286,78.65142857142858,678.6857142857143,18.394285714285715,8.245714285714286,560.5182857142858,4960.114285714286,22,45.4,41475.99,4.5143222506393865,34.424415584415584,0.005483849104859335,225.45974025974027,94,49860.7,1
2051-05-18,22441.985714285714,78.82857142857142,680.2142857142857,18.435714285714283,8.264285714285714,561.7807142857142,4971.285714285714,22,45.4,41475.99,4.5143222506393865,34.50194805194805,0.005483849104859335,225.96753246753244,95,49881.56,1
2051-05-18,22492.417142857143,79.00571428571428,681.7428571428571,18.477142857142855,8.282857142857143,563.0431428571428,4982.457142857143,22,45.4,41475.99,4.5143222506393865,34.57948051948052,0.0054838491048593355,226.47532467532466,96,50021.4,1
2051-05-18,22542.84857142857,79.18285714285715,683.2714285714286,18.518571428571427,8.301428571428572,564.3055714285714,4993.628571428571,22,45.4,41475.99,4.5143222506393865,34.65701298701299,0.0054838491048593355,226.98311688311688,97,50017.14,1
2051-05-18,22593.28,79.36,684.8000000000001,18.56,8.32,565.5680000000001,5004.8,22,45.4,41475.99,4.514322250639386,34.73454545454546,0.005483849104859335,227.4909090909091,98,50044.22,1
2051-05-18,22643.71142857143,79.53714285714287,686.3285714285714,18.60142857142857,8.338571428571429,566.8304285714287,5015.971428571429,22,45.4,41475.99,4.5143222506393865,34.81207792207792,0.005483849104859334,227.99870129870132,99,50035.19,1
2051-05-18,22694.142857142855,79.71428571428571,687.8571428571428,18.642857142857142,8.357142857142856,568.0928571428572,5027.142857142857,22,45.4,41475.99,4.514322250639386,34.88961038961038,0.0054838491048593355,228.50649350649348,100,50069.64,1
2051-05-18,22744.574285714287,79.89142857142858,689.3857142857144,18.684285714285718,8.375714285714286,569.3552857142859,5038.314285714287,22,45.4,41475.99,4.514322250639386,34.96714285714286,0.005483849104859335,229.01428571428576,101,50067.29,1
2051-05-18,22795.005714285715,80.06857142857143,690.9142857142857,18.725714285714286,8.394285714285713,570.6177142857143,5049.4857142857145,22,45.4,41475.99,4.5143222506393865,35.044675324675325,0.005483849104859335,229.52207792207793,102,50198.73,1
2051-05-18,22845.437142857143,80.24571428571429,692.4428571428572,18.767142857142858,8.412857142857142,571.8801428571429,5060.657142857142,22,45.4,41475.99,4.5143222506393865,35.122207792207796,0.0054838491048593355,230.02987012987012,103,50256.08,1
2051-05-18,22895.86857142857,80.42285714285714,693.9714285714285,18.80857142857143,8.431428571428572,573.1425714285715,5071.828571428571,22,45.4,41475.99,4.5143222506393865,35.19974025974025,0.005483849104859336,230.53766233766234,104,50439.96,1
2051-05-18,22946.3,80.60000000000001,695.5,18.85,8.450000000000001,574.4050000000001,5083.0,22,45.4,41475.99,4.514322250639386,35.27727272727273,0.0054838491048593355,231.04545454545453,105,50451.78,1
2051-05-18,22996.73142857143,80.77714285714286,697.0285714285715,18.891428571428573,8.46857142857143,575.6674285714287,5094.171428571429,22,45.4,41475.99,4.5143222506393865,35.354805194805195,0.0054838491048593355,231.55324675324675,106,50463.99,1
2051-05-18,23047.162857142856,80.9542857142857,698.5571428571428,18.93285714285714,8.487142857142857,576.9298571428571,5105.342857142857,22,45.4,41475.99,4.5143222506393865,35.43233766233766,0.0054838491048593355,232.06103896103895,107,50499.57,1
2051-05-18,23097.594285714284,81.13142857142857,700.0857142857143,18.974285714285713,8.505714285714285,578.1922857142857,5116.5142857142855,22,45.4,41475.99,4.514322250639386,35.50987012987013,0.005483849104859335,232.56883116883117,108,50488.46,1
2051-05-18,23148.025714285715,81.30857142857143,701.6142857142856,19.015714285714285,8.524285714285714,579.4547142857143,5127.685714285714,22,45.4,41475.99,4.5143222506393865,35.587402597402594,0.005483849104859335,233.0766233766234,109,50562.62,1
2051-05-18,23198.457142857143,81.48571428571428,703.1428571428571,19.057142857142857,8.542857142857143,580.7171428571429,5138.857142857143,22,45.4,41475.99,4.5143222506393865,35.664935064935065,0.0054838491048593355,233.5844155844156,110,50679.26,1
2051-05-18,23248.88857142857,81.66285714285715,704.6714285714286,19.09857142857143,8.561428571428571,581.9795714285715,5150.028571428572,22,45.4,41475.99,4.514322250639386,35.74246753246753,0.005483849104859335,234.0922077922078,111,50674.4,1
2051-05-18,23299.32,81.84,706.2,19.14,8.58,583.2420000000001,5161.2,22,45.4,41475.99,4.5143222506393865,35.82,0.005483849104859335,234.6,112,50933.73,1
2051-05-18,23349.75142857143,82.01714285714286,707.7285714285715,19.181428571428572,8.598571428571429,584.5044285714287,5172.371428571429,22,45.4,41475.99,4.5143222506393865,35.89753246753247,0.0054838491048593355,235.10779220779222,113,50955.42,1
2051-05-18,23400.182857142856,82.19428571428571,709.2571428571428,19.22285714285714,8.617142857142856,585.7668571428571,5183.5428571428565,22,45.4,41475.99,4.5143222506393865,35.97506493506493,0.0054838491048593355,235.61558441558438,114,51325.36,1
2051-05-18,23450.614285714284,82.37142857142857,710.7857142857142,19.264285714285712,8.635714285714286,587.0292857142857,5194.714285714285,22,45.4,41475.99,4.5143222506393865,36.0525974025974,0.0054838491048593355,236.1233766233766,115,51357.12,1
2051-05-18,23501.045714285712,82.54857142857142,712.3142857142857,19.305714285714284,8.654285714285715,588.2917142857143,5205.885714285714,22,45.4,41475.99,4.514322250639386,36.13012987012987,0.0054838491048593355,236.63116883116882,116,51370.56,1
2051-05-18,23551.477142857144,82.72571428571429,713.8428571428572,19.347142857142856,8.672857142857143,589.5541428571429,5217.057142857143,22,45.4,41475.99,4.5143222506393865,36.207662337662335,0.005483849104859335,237.13896103896104,117,51360.28,1
2051-05-18,23601.908571428572,82.90285714285714,715.3714285714286,19.388571428571428,8.691428571428572,590.8165714285715,5228.228571428572,22,45.4,41475.99,4.514322250639386,36.285194805194806,0.005483849104859335,237.64675324675326,118,51405.68,1
2051-05-18,23652.34,83.08,716.9000000000001,19.43,8.71,592.0790000000001,5239.400000000001,22,45.4,41475.99,4.514322250639386,36.36272727272728,0.005483849104859335,238.15454545454548,119,51434.35,1
2051-05-18,23702.771428571432,83.25714285714287,718.4285714285714,19.47142857142857,8.72857142857143,593.3414285714287,5250.571428571429,22,45.4,41475.99,4.5143222506393865,36.44025974025974,0.005483849104859335,238.6623376623377,120,51428.4,1
2051-05-18,23753.202857142856,83.4342857142857,719.9571428571428,19.512857142857143,8.747142857142856,594.6038571428571,5261.742857142857,22,45.4,41475.99,4.514322250639386,36.517792207792205,0.005483849104859335,239.17012987012987,121,51440.0,1
2051-05-18,23803.634285714284,83.61142857142858,721.4857142857143,19.554285714285715,8.765714285714285,595.8662857142857,5272.914285714285,22,45.4,41475.99,4.5143222506393865,36.595324675324676,0.005483849104859336,239.67792207792206,122,51465.86,1
2051-05-18,23854.065714285713,83.78857142857143,723.0142857142857,19.595714285714287,8.784285714285714,597.1287142857143,5284.085714285714,22,45.4,41475.99,4.5143222506393865,36.67285714285715,0.0054838491048593355,240.18571428571428,123,51526.93,1
2051-05-18,23904.497142857144,83.96571428571428,724.5428571428572,19.63714285714286,8.802857142857142,598.3911428571429,5295.257142857143,22,45.4,41475.99,4.5143222506393865,36.75038961038961,0.0054838491048593355,240.69350649350648,124,51530.16,1
2051-05-18,23954.928571428572,84.14285714285715,726.0714285714286,19.67857142857143,8.821428571428571,599.6535714285715,5306.428571428572,22,45.4,41475.99,4.5143222506393865,36.827922077922075,0.005483849104859335,241.2012987012987,125,51544.14,1
2051-05-18,24005.359999999997,84.32,727.5999999999999,19.72,8.84,600.9159999999999,5317.599999999999,22,45.4,41475.99,4.514322250639386,36.90545454545454,0.0054838491048593355,241.7090909090909,126,51619.26,1
2051-05-18,24055.791428571432,84.49714285714286,729.1285714285715,19.761428571428574,8.85857142857143,602.1784285714286,5328.771428571429,22,45.4,41475.99,4.5143222506393865,36.98298701298702,0.0054838491048593355,242.21688311688314,127,51626.13,1
2051-05-18,24106.222857142857,84.67428571428572,730.6571428571428,19.802857142857142,8.877142857142857,603.4408571428571,5339.942857142857,22,45.4,41475.99,4.5143222506393865,37.06051948051948,0.0054838491048593355,242.72467532467533,128,51626.13,1
2051-05-18,24156.654285714285,84.85142857142857,732.1857142857143,19.844285714285714,8.895714285714286,604.7032857142857,5351.114285714286,22,45.4,41475.99,4.514322250639386,37.138051948051945,0.0054838491048593355,243.23246753246755,129,51635.78,1
2051-05-18,24207.085714285713,85.02857142857142,733.7142857142857,19.885714285714286,8.914285714285715,605.9657142857143,5362.285714285715,22,45.4,41475.99,4.514322250639386,37.215584415584416,0.005483849104859335,243.74025974025975,130,51727.58,1
2051-05-18,24257.517142857145,85.2057142857143,735.2428571428571,19.927142857142858,8.932857142857143,607.2281428571429,5373.4571428571435,22,45.4,41475.99,4.514322250639386,37.29311688311688,0.005483849104859335,244.24805194805197,131,51750.58,1
2051-05-18,24307.948571428573,85.38285714285715,736.7714285714286,19.96857142857143,8.951428571428572,608.4905714285715,5384.628571428571,22,45.4,41475.99,4.5143222506393865,37.37064935064935,0.0054838491048593355,244.75584415584416,132,51771.5,1
2051-05-18,24358.379999999997,85.55999999999999,738.3,20.009999999999998,8.969999999999999,609.7529999999999,5395.799999999999,22,45.4,41475.99,4.5143222506393865,37.448181818181816,0.0054838491048593355,245.26363636363632,133,51795.92,1
2051-05-18,24408.811428571425,85.73714285714286,739.8285714285714,20.05142857142857,8.988571428571428,611.0154285714285,5406.971428571428,22,45.4,41475.99,4.514322250639386,37.52571428571429,0.0054838491048593355,245.77142857142854,134,51797.72,1
2051-05-18,24459.242857142857,85.91428571428571,741.3571428571429,20.09285714285714,9.007142857142856,612.2778571428571,5418.142857142857,22,45.4,41475.99,4.5143222506393865,37.60324675324676,0.005483849104859335,246.27922077922076,135,51823.98,1
2051-05-18,24509.674285714285,86.09142857142857,742.8857142857142,20.134285714285713,9.025714285714285,613.5402857142857,5429.314285714286,22,45.4,41475.99,4.5143222506393865,37.680779220779215,0.005483849104859335,246.787012987013,136,52098.02,1
2051-05-18,24560.105714285713,86.26857142857143,744.4142857142857,20.175714285714285,9.044285714285714,614.8027142857144,5440.4857142857145,22,45.4,41475.99,4.514322250639386,37.75831168831169,0.005483849104859335,247.2948051948052,137,52099.8,1
2051-05-18,24610.537142857145,86.44571428571429,745.9428571428572,20.217142857142857,9.062857142857144,616.065142857143,5451.657142857143,22,45.4,41475.99,4.5143222506393865,37.83584415584416,0.005483849104859335,247.80259740259743,138,52097.84,1
2051-05-18,24660.968571428573,86.62285714285714,747.4714285714286,20.25857142857143,9.081428571428573,617.3275714285716,5462.828571428572,22,45.4,41475.99,4.514322250639386,37.91337662337663,0.005483849104859335,248.31038961038965,139,52103.01,1
2051-05-18,24711.399999999998,86.8,749.0,20.299999999999997,9.1,618.59,5474.0,22,45.4,41475.99,4.514322250639386,37.99090909090909,0.005483849104859335,248.8181818181818,140,52099.84,1
2051-05-18,24761.831428571426,86.97714285714285,750.5285714285714,20.34142857142857,9.118571428571428,619.8524285714286,5485.171428571429,22,45.4,41475.99,4.514322250639386,38.068441558441556,0.005483849104859334,249.32597402597403,141,52145.38,1
2051-05-18,24812.262857142858,87.15428571428572,752.0571428571428,20.38285714285714,9.137142857142857,621.1148571428572,5496.342857142857,22,45.4,41475.99,4.5143222506393865,38.14597402597403,0.005483849104859335,249.83376623376623,142,52148.56,1
2051-05-18,24862.694285714286,87.33142857142857,753.5857142857143,20.424285714285716,9.155714285714286,622.3772857142858,5507.5142857142855,22,45.4,41475.99,4.5143222506393865,38.22350649350649,0.0054838491048593355,250.34155844155842,143,52161.84,1
2051-05-18,24913.125714285714,87.50857142857143,755.1142857142858,20.465714285714288,9.174285714285714,623.6397142857144,5518.685714285714,22,45.4,41475.99,4.5143222506393865,38.30103896103896,0.0054838491048593355,250.84935064935064,144,52350.35,1
2051-05-18,24963.557142857146,87.6857142857143,756.6428571428572,20.50714285714286,9.192857142857143,624.902142857143,5529.857142857143,22,45.4,41475.99,4.5143222506393865,38.37857142857143,0.0054838491048593355,251.35714285714286,145,52350.35,1
2051-05-18,25013.988571428574,87.86285714285715,758.1714285714286,20.54857142857143,9.211428571428572,626.1645714285715,5541.028571428572,22,45.4,41475.99,4.5143222506393865,38.4561038961039,0.0054838491048593355,251.86493506493508,146,52343.9,1
2051-05-18,25064.42,88.03999999999999,759.6999999999999,20.59,9.23,627.427,5552.2,22,45.4,41475.99,4.514322250639386,38.53363636363636,0.0054838491048593355,252.37272727272727,147,52348.64,1
2051-05-18,25114.851428571426,88.21714285714286,761.2285714285714,20.63142857142857,9.248571428571429,628.6894285714286,5563.371428571429,22,45.4,41475.99,4.514322250639386,38.61116883116883,0.0054838491048593355,252.8805194805195,148,52348.64,1
2051-05-18,25165.282857142858,88.39428571428572,762.7571428571429,20.672857142857143,9.267142857142858,629.9518571428572,5574.542857142857,22,45.4,41475.99,4.5143222506393865,38.6887012987013,0.005483849104859335,253.3883116883117,149,52706.85,1
2051-05-18,25215.714285714286,88.57142857142857,764.2857142857143,20.714285714285715,9.285714285714286,631.2142857142858,5585.714285714286,22,45.4,41475.99,4.514322250639386,38.76623376623377,0.005483849104859335,253.8961038961039,150,52696.98,1
2051-05-18,25266.145714285714,88.74857142857144,765.8142857142858,20.755714285714287,9.304285714285715,632.4767142857144,5596.885714285714,22,45.4,41475.99,4.5143222506393865,38.84376623376624,0.0054838491048593355,254.4038961038961,151,52711.3,1
2051-05-18,25316.577142857142,88.92571428571428,767.342857142857,20.797142857142855,9.322857142857142,633.7391428571428,5608.057142857142,22,45.4,41475.99,4.5143222506393865,38.921298701298696,0.0054838491048593355,254.91168831168827,152,52745.5,1
2051-05-18,25367.008571428574,89.10285714285715,768.8714285714286,20.83857142857143,9.341428571428573,635.0015714285715,5619.228571428572,22,45.4,41475.99,4.5143222506393865,38.998831168831174,0.0054838491048593355,255.41948051948054,153,52727.42,1
2051-05-18,25417.44,89.28,770.4,20.88,9.36,636.264,5630.4,22,45.4,41475.99,4.5143222506393865,39.07636363636363,0.0054838491048593355,255.9272727272727,154,52727.42,1
2051-05-18,25467.871428571427,89.45714285714286,771.9285714285714,20.92142857142857,9.378571428571428,637.5264285714286,5641.571428571428,22,45.4,41475.99,4.514322250639386,39.15389610389611,0.005483849104859335,256.43506493506493,155,52838.24,1
2051-05-18,25518.30285714286,89.63428571428571,773.4571428571429,20.962857142857143,9.397142857142857,638.7888571428572,5652.742857142857,22,45.4,41475.99,4.5143222506393865,39.23142857142857,0.005483849104859335,256.9428571428571,156,52838.56,1
2051-05-18,25568.734285714287,89.81142857142858,774.9857142857143,21.004285714285714,9.415714285714285,640.0512857142858,5663.914285714286,22,45.4,41475.99,4.5143222506393865,39.30896103896104,0.005483849104859335,257.45064935064937,157,52841.37,1
2051-05-18,25619.165714285715,89.98857142857143,776.5142857142857,21.045714285714286,9.434285714285714,641.3137142857144,5675.085714285715,22,45.4,41475.99,4.514322250639386,39.38649350649351,0.005483849104859335,257.95844155844156,158,52854.31,1
2051-05-18,25669.59714285714,90.16571428571427,778.0428571428571,21.087142857142855,9.452857142857143,642.5761428571428,5686.257142857143,22,45.4,41475.99,4.514322250639386,39.464025974025965,0.005483849104859335,258.46623376623376,159,52903.02,1
2051-05-18,25720.02857142857,90.34285714285714,779.5714285714286,21.128571428571426,9.471428571428572,643.8385714285714,5697.428571428572,22,45.4,41475.99,4.514322250639386,39.54155844155844,0.005483849104859335,258.974025974026,160,53457.12,1
2051-05-18,25770.46,90.52,781.1,21.169999999999998,9.49,645.101,5708.599999999999,22,45.4,41475.99,4.5143222506393865,39.61909090909091,0.005483849104859335,259.48181818181814,161,53450.22,1
2051-05-18,25820.891428571427,90.69714285714285,782.6285714285714,21.21142857142857,9.508571428571429,646.3634285714286,5719.771428571428,22,45.4,41475.99,4.5143222506393865,39.69662337662337,0.0054838491048593355,259.9896103896104,162,53476.83,1
2051-05-18,25871.32285714286,90.87428571428572,784.1571428571428,21.252857142857142,9.527142857142858,647.6258571428572,5730.942857142857,22,45.4,41475.99,4.5143222506393865,39.77415584415584,0.0054838491048593355,260.4974025974026,163,53476.83,1
2051-05-18,25921.754285714287,91.05142857142857,785.6857142857143,21.294285714285714,9.545714285714286,648.8882857142858,5742.114285714286,22,45.4,41475.99,4.5143222506393865,39.851688311688314,0.005483849104859335,261.00519480519483,164,53479.27,1
2051-05-18,25972.185714285715,91.22857142857143,787.2142857142858,21.33571428571429,9.564285714285715,650.1507142857143,5753.285714285715,22,45.4,41475.99,4.514322250639386,39.92922077922078,0.0054838491048593355,261.512987012987,165,53545.24,1
2051-05-18,26022.61714285714,91.40571428571428,788.7428571428571,21.377142857142857,9.582857142857142,651.4131428571428,5764.457142857143,22,45.4,41475.99,4.514322250639386,40.00675324675324,0.0054838491048593355,262.0207792207792,166,53541.82,1
2051-05-18,26073.04857142857,91.58285714285714,790.2714285714285,21.41857142857143,9.60142857142857,652.6755714285714,5775.628571428571,22,45.4,41475.99,4.5143222506393865,40.08428571428571,0.005483849104859335,262.5285714285714,167,53542.9,1
2051-05-18,26123.48,91.76,791.8,21.46,9.62,653.938,5786.8,22,45.4,41475.99,4.514322250639386,40.16181818181818,0.005483849104859335,263.03636363636366,168,53563.27,1
2051-05-18,26173.911428571428,91.93714285714286,793.3285714285714,21.501428571428573,9.638571428571428,655.2004285714286,5797.971428571429,22,45.4,41475.99,4.514322250639386,40.23935064935065,0.005483849104859335,263.54415584415585,169,53562.15,1
2051-05-18,26224.34285714286,92.11428571428571,794.8571428571429,21.542857142857144,9.657142857142858,656.4628571428572,5809.142857142858,22,45.4,41475.99,4.514322250639386,40.31688311688312,0.005483849104859335,264.0519480519481,170,53567.97,1
2051-05-18,26274.774285714284,92.29142857142857,796.3857142857142,21.584285714285713,9.675714285714285,657.7252857142856,5820.314285714285,22,45.4,41475.99,4.5143222506393865,40.39441558441558,0.0054838491048593355,264.55974025974024,171,53533.74,1
2051-05-18,26325.205714285716,92.46857142857144,797.9142857142858,21.625714285714288,9.694285714285716,658.9877142857143,5831.4857142857145,22,45.4,41475.99,4.5143222506393865,40.471948051948054,0.0054838491048593355,265.0675324675325,172,53512.53,1
2051-05-18,26375.63714285714,92.64571428571428,799.4428571428571,21.667142857142856,9.712857142857143,660.2501428571428,5842.657142857142,22,45.4,41475.99,4.5143222506393865,40.54948051948051,0.005483849104859335,265.5753246753247,173,53479.46,1
2051-05-18,26426.068571428572,92.82285714285715,800.9714285714285,21.708571428571428,9.731428571428571,661.5125714285714,5853.828571428571,22,45.4,41475.99,4.5143222506393865,40.62701298701299,0.0054838491048593355,266.0831168831169,174,53610.74,1
2051-05-18,26476.5,93.0,802.5,21.75,9.75,662.7750000000001,5865.0,22,45.4,41475.99,4.5143222506393865,40.70454545454545,0.0054838491048593355,266.59090909090907,175,53607.94,1
2051-05-18,26526.931428571428,93.17714285714285,804.0285714285715,21.791428571428572,9.768571428571429,664.0374285714287,5876.171428571429,22,45.4,41475.99,4.514322250639386,40.782077922077924,0.005483849104859335,267.0987012987013,176,53600.0,1
2051-05-18,26577.36285714286,93.35428571428572,805.5571428571429,21.832857142857144,9.787142857142857,665.2998571428573,5887.342857142858,22,45.4,41475.99,4.5143222506393865,40.859610389610395,0.0054838491048593355,267.6064935064935,177,53600.0,1
2051-05-18,26627.794285714284,93.53142857142856,807.0857142857142,21.874285714285712,9.805714285714284,666.5622857142857,5898.5142857142855,22,45.4,41475.99,4.5143222506393865,40.93714285714285,0.0054838491048593355,268.1142857142857,178,53649.9,1
2051-05-18,26678.225714285716,93.70857142857143,808.6142857142858,21.915714285714287,9.824285714285715,667.8247142857144,5909.685714285715,22,45.4,41475.99,4.514322250639386,41.01467532467532,0.005483849104859335,268.62207792207795,179,53649.9,1
2051-05-18,26728.65714285714,93.88571428571429,810.1428571428571,21.957142857142856,9.842857142857142,669.0871428571429,5920.857142857142,22,45.4,41475.99,4.5143222506393865,41.09220779220779,0.0054838491048593355,269.1298701298701,180,53647.76,1
